Productos,Precios,Calificaciones
Reloj Inteligente Ip67 Impermeable Con Linterna,$133.800,4.6
Reloj Inteligente  Vigilancia  Salud De La Mujer Impermeable,$139.674,4.6
"Xiaomi Reloj Smartwatch Active 5 2"" Plateado",$129.900,4.9
Xiaomi Redmi Watch 5 Active Negro,$151.300,4.8
"Reloj Smartwatch Xiaomi Redmi Watch 5 Lite 1,96 Amoled Black Caja Negro Malla Negro Bisel Negro",$220.000,4.8
Xiaomi Watch S3 - Resistente Al Agua - Gps - Pantalla Táctil Caja Plateado Correa Plateado Bisel Plateado,$499.900,4.9
"Samsung Galaxy Fit 3 Smartwatch Sport, Gris Oscuro, Pantalla AMOLED 1.6"", Resistencia Agua 50m",$184.900,4.8
"Smartwatch Kieslect Kr display de 1.32"" con correa de silicona - color negro",$99.900,4.7
Reloj Inteligente Xiaomi Redmi Watch 5 Active Plata Caja Plateado Malla Gris Bisel Plateado Diseño de la malla Milanese,$146.359,4.9
Xiaomi Smart Band 9 Active color negro,$108.900,4.8
Smartwatch Xiaomi Redmi Watch 5 Lite Amoled 1.96' Light Gold,$222.900,4.8
Smartwatch Huawei Watch Gt 5 Pro 46mm Negro,$999.950,4.9
Smartband Redmi Mi Band 9 Active Color Negro Xiaomi,$175.900,4.8
"Smartwatch t800 ultra display de 1.99"" con correa de gel de sílice color negro",$26.290,3.9
Apple Watch Ultra 2 GPS + Cellular • Caja de titanio negro de 49 mm • Correa Trail negra - M/L,$3.637.427,4.8
Samsung Galaxy Watch7 44mm Green Caja Verde Bisel Verde,$1.099.900,4.8
Reloj Inteligente Ip67 Impermeable Con Linterna,$133.800,4.6
Smartwatch Huawei Band 10 Rosa Caja Rosa pálido Malla Rosa pálido Bisel Rosa pálido Diseño de la malla Mesh,$184.292,5.0
Reloj Inteligente Smartwatch Linkon Llamadas Bluetooth,$114.990,4.4
"Reloj de Niños Smartwatch Huawei Watch Kids 4 Pro Azul - SimCard, GPS & Videollamadas",$599.454,4.4
Smartwatch Huawei Watch Fit 3 Rosa Diseño de la malla Fluoroelastómero,$509.993,4.9
"Reloj Xiaomi Watch 5: Pantalla Amoled De 2,07 , Gps, Resistencia Al Agua 5atm Y Sensor De Frecuencia Cardíaca Autonomía Hasta 24 Días",$464.907,4.9
Apple Watch SE GPS - Caja de aluminio color medianoche 40 mm - Correa deportiva medianoche - Patrón,$924.900,4.9
"Reloj inteligente Colmi P71 Bluetooth 5.1 Call, pantalla IPS de 1,9 pulgadas, carcasa negra, pulsera negra, bisel negro",$73.815,4.7
Samsung Galaxy Watch7 40mm Pink Gold Caja Crema Malla Crema Bisel Crema,$999.900,4.8
Smartwatch Reloj Inteligente Deportivo Linkon Pro Llamadas,$169.990,4.6
Apple Watch Series 10 GPS • Caja de aluminio negro azabache de 42 mm • Correa deportiva negra - M/L,$1.649.900,4.8
Apple Watch Series 10 GPS • Caja de aluminio negro azabache de 42 mm • Correa loop deportiva color tinta - Distribuidor Autorizado,$2.299.000,5.0
Combo Reloj Watch X8 Ultra + Audifonos In Ear + Power Bank M Malla Naranja,$76.890,3.9
Xiaomi Smart Band Mi Band 8 Gold Gl Color de la caja Dorado Color de la malla Blanco Diseño de la malla Milanese,$155.729,4.8
"Reloj de Niños Smartwatch Huawei Watch Kids 4 Pro Rosa - SimCard, GPS & Videollamadas",$649.993,4.4
Smartband Keluona ZL02 con correa de silicona - color negro,$91.000,4.6
Pulsera Inteligente Smartband M7 Sensor Tactil,$28.990,3.4
Apple Watch Se 2ª Generación Gps De 44 Mm Midnight Band,$1.168.217,4.9
Xiaomi Smart Band 9 Active Plata Glaciar Caja Beige Malla Beige Bisel Beige,$99.900,5.0
Smartwatch Huawei Watch Fit 3 Gris,$529.947,4.8
Apple Watch SE GPS - Caja de aluminio blanco estelar 40 mm - Correa deportiva blanco estelar - Patrón,$987.029,4.9
Smartwatch Huawei Watch Gt5 (gps) 46mm Negro Bisel Plateado Diseño de la malla Mesh,$739.926,4.9
Smart Watch Reloj Inteligente 8 Ultra Para Android iPhone Color De La Caja Negro Color De La Correa Negro,$63.429,4.2
Reloj Inteligente Amazfit Gtr 3 Smartwatch 1.39´´ Gps Color de la caja Thunder black Color de la malla Thunder black,$449.900,4.8
Reloj Inteligente T800 Ultra Smartwatch Reloj Inteligente Color De La Caja Plateado Color De La Correa Naranja,$49.900,3.9
Reloj Inteligente  Vigilancia  Salud De La Mujer Impermeable,$139.674,4.6
Smartwatch Huawei Watch Gt 5 Pro 46mm Correa De Titanio,$1.699.915,4.9
Reloj Inteligente Mujer Elegante Y Casual Colmi Smartwatch P Caja Azul Malla Azul Bisel Negro,$73.191,4.7
"Haylou Rs5 Smartwatch 2.01 Pantalla Amoled Hd Llamada Bluetooth Asistente De Voz Reloj Inteligente Deportivo Con Función De Sos Resistente Al Agua Y Con Dos Correas, Ls19, Negro",$179.900,4.6
Smartwatch Motorola Watch 40 IP67 Bluetooth Caja Negro,$169.900,4.9
Smart Watch Reloj Samsung Galaxy Watch 6 44mm Gtia Oficial Color De La Caja Blanco Color De La Malla Silver Color Del Bisel Negro Diseño De La Malla Silicona,$847.046,4.9
Reloj Inteligente Para Mujer Con Llamada Bt Y Correa Extra,$159.000,4.7
Smartwatch Huawei Watch Gt 4 41mm Con Correa Milanés Dorada,$752.644,5.0
Apple Watch SE GPS - Caja de aluminio color medianoche 44 mm - Correa deportiva medianoche - Patrón,$1.158.316,5.0
Smartband Keluona ZL02 con correa de silicona - color azul,$89.099,4.6
Samsung Galaxy Fit 3 Pink Gold,$199.900,4.8
